<?xml version="1.0" encoding="utf-8"?><feed xmlns="http://www.w3.org/2005/Atom" ><generator uri="https://jekyllrb.com/" version="4.4.1">Jekyll</generator><link href="https://www.katzgov.com/feed.xml" rel="self" type="application/atom+xml" /><link href="https://www.katzgov.com/" rel="alternate" type="text/html" /><updated>2025-09-10T23:54:47+02:00</updated><id>https://www.katzgov.com/feed.xml</id><title type="html">Katz Government Affairs</title><subtitle>Katz Government Affairs, LLC</subtitle><entry><title type="html">KGA in the News</title><link href="https://www.katzgov.com/general/2013/09/01/njbiz-carol-katz/" rel="alternate" type="text/html" title="KGA in the News" /><published>2013-09-01T00:00:00+02:00</published><updated>2013-09-01T00:00:00+02:00</updated><id>https://www.katzgov.com/general/2013/09/01/njbiz-carol-katz</id><content type="html" xml:base="https://www.katzgov.com/general/2013/09/01/njbiz-carol-katz/"><![CDATA[<p><img src="/NJBIZProfile.png" alt="NJBIZ" /></p>]]></content><author><name></name></author><category term="General" /><summary type="html"><![CDATA[]]></summary></entry></feed>